cluster,distinct_cultures,distinct_families,distinct_regions,families_percentile_vs_random,regions_percentile_vs_random
1,1,1,1,54.5,54.5
2,1,1,1,56.0,56.0
3,1,1,1,56.5,56.5
4,2,1,1,21.25,21.0
5,1,1,1,57.5,57.5
6,1,0,0,6.5,6.5
7,1,0,0,7.0,7.0
8,1,1,1,57.75,57.75
9,1,1,1,56.0,56.0
10,1,1,1,56.5,56.5
11,1,1,1,57.0,57.0
12,1,1,1,55.0,55.0
13,1,1,1,57.75,57.75
14,1,0,0,5.75,5.75
15,1,1,1,57.5,57.5
16,1,1,1,57.5,57.5
17,1,1,1,56.25,56.25
18,1,1,1,56.75,56.75
19,1,1,1,19.75,20.25
20,1,1,1,56.75,56.75
21,1,1,1,57.5,57.5
22,1,0,0,7.0,7.0
23,1,1,1,55.75,55.75
24,1,1,1,57.0,57.0
25,1,0,0,5.75,5.75
26,1,0,0,4.75,4.75
27,1,1,1,58.75,58.75
28,1,1,1,56.75,56.75
29,1,1,1,59.25,59.25
30,1,1,1,56.0,56.0
31,1,1,1,58.0,58.0
32,1,1,1,55.5,55.5
33,1,1,1,58.75,58.75
34,1,1,1,56.5,56.5
35,1,1,1,58.25,58.25
36,1,0,0,6.25,6.25
37,1,1,1,56.75,56.75
38,1,1,1,55.5,55.5
39,1,1,1,55.75,55.75
40,1,1,1,55.75,55.75
41,1,1,1,55.25,55.25
42,1,0,0,5.5,5.5
43,1,1,1,56.25,56.25
44,1,1,1,56.25,56.25
45,1,1,1,56.75,56.75
46,1,1,1,54.5,54.5
47,1,1,1,56.75,56.75
48,1,1,1,56.75,56.75
49,1,1,1,56.25,56.25
50,1,1,1,56.25,56.25
51,1,1,1,55.25,55.25
52,1,1,1,56.5,56.5
53,1,1,1,55.75,55.75
54,1,1,1,57.5,57.5
55,1,1,1,57.25,57.25
56,1,1,1,54.0,54.0
57,1,1,1,58.25,58.25
58,1,1,1,56.25,56.25
59,1,1,1,54.75,54.75
60,1,1,1,58.25,58.25
61,1,1,1,55.25,55.25
62,1,1,1,59.0,59.0
63,2,1,1,16.25,16.5
64,3,2,2,8.75,11.75
65,1,0,0,6.5,6.5
66,1,1,1,57.75,57.75
67,1,1,1,57.0,57.0
68,3,2,2,38.0,37.75
69,4,2,3,19.5,60.5
70,1,1,1,59.0,59.0
71,1,1,1,56.5,56.5
72,1,1,1,57.25,57.25
73,1,1,1,57.0,57.0
74,1,0,0,4.5,4.5
75,1,1,1,55.5,55.5
76,1,1,1,57.5,57.5
77,1,1,1,57.25,57.25
78,2,1,1,20.75,20.75
79,1,1,1,54.75,54.75
80,1,1,1,55.75,55.75
81,1,1,1,57.25,57.25
82,1,1,1,56.5,56.5
83,1,1,1,56.75,56.75
84,1,1,1,55.25,55.25
85,1,0,0,6.25,6.25
86,1,0,0,7.5,7.5
87,1,0,0,5.0,5.0
88,1,0,0,7.0,7.0
89,1,1,1,55.25,55.25
90,1,1,1,56.0,56.0
91,3,1,2,7.25,41.0
92,1,1,1,57.0,57.0
93,1,0,0,6.0,6.0
94,1,0,0,5.0,5.0
95,1,0,0,6.0,6.0
96,1,1,1,56.25,56.25
97,1,1,1,58.25,58.25
98,1,1,1,53.0,53.0
99,1,1,1,56.0,56.0
100,1,1,1,55.5,55.5
101,1,1,1,58.0,58.0
102,1,0,0,6.0,6.0
103,1,0,0,7.0,7.0
104,1,1,1,57.5,57.5
105,1,1,1,56.5,56.5
106,1,1,1,56.5,56.5
107,1,1,1,56.0,56.0
108,1,1,1,57.5,57.5
109,1,1,1,56.25,56.25
110,1,1,1,56.25,56.25
111,1,1,1,55.75,55.75
112,1,1,1,55.75,55.75
113,1,1,1,56.25,56.25
114,1,1,1,57.75,57.75
115,1,1,1,56.0,56.0
116,1,1,1,58.25,58.25
117,2,1,1,1.25,1.5
118,1,1,1,54.25,54.25
119,1,1,1,55.25,55.25
120,1,1,1,57.75,57.75
121,1,1,1,56.0,56.0
122,1,1,1,57.0,57.0
123,2,1,1,2.0,2.25
124,1,1,1,57.0,57.0
125,1,1,1,54.75,54.75
126,1,1,1,16.5,15.5
127,2,2,2,40.75,41.0
128,3,2,3,21.75,63.0
129,1,1,1,55.25,55.25
130,2,1,2,2.25,19.75
131,1,1,1,20.5,20.25
132,1,1,1,55.0,55.0
133,1,0,0,0.75,0.75
134,1,0,0,5.25,5.25
135,1,0,0,7.0,7.0
136,1,0,0,6.5,6.5
137,1,0,0,6.25,6.25
138,1,1,1,56.25,56.25
139,1,1,1,55.0,55.0
140,1,1,1,57.0,57.0
141,1,1,1,56.5,56.5
142,1,1,1,57.5,57.5
143,1,0,0,7.25,7.25
144,1,0,0,1.75,1.75
145,1,1,1,55.25,55.25
146,1,0,0,8.5,8.5
147,1,0,0,0.0,0.0
148,1,0,0,4.75,4.75
149,1,0,0,5.25,5.25
150,1,1,1,55.0,55.0
151,1,1,1,56.0,56.0
152,1,0,0,0.0,0.0
153,1,0,0,7.0,7.0
154,1,0,0,5.75,5.75
155,1,0,0,6.25,6.25
156,1,1,1,55.75,55.75
157,1,0,0,6.5,6.5
158,1,0,0,6.75,6.75
159,2,2,2,68.5,68.25
160,1,1,1,56.0,56.0
161,2,1,1,2.75,1.5
162,3,2,3,35.75,81.25
163,1,1,1,57.0,57.0
164,1,1,1,57.75,57.75
165,1,1,1,55.25,55.25
166,1,0,0,1.5,1.5
167,1,1,1,55.25,55.25
168,1,1,1,56.5,56.5
169,1,0,0,6.5,6.5
170,1,0,0,0.5,0.5
171,1,1,1,55.0,55.0
172,1,0,0,1.25,1.25
173,1,1,1,18.25,20.0
174,1,0,0,0.5,0.5
175,2,2,2,38.0,38.75
176,1,0,0,6.75,6.75
177,1,1,1,56.75,56.75
178,1,1,1,58.0,58.0
179,1,1,1,55.25,55.25
180,1,1,1,57.0,57.0
181,1,1,1,56.5,56.5
182,1,1,1,58.5,58.5
183,1,1,1,55.0,55.0
184,1,1,1,19.5,19.25
185,1,1,1,56.0,56.0
186,1,1,1,56.75,56.75
187,1,1,1,57.0,57.0
188,2,1,2,1.25,20.0
189,1,1,1,55.75,55.75
190,1,1,1,58.0,58.0
191,1,1,1,55.25,55.25
192,1,1,1,57.25,57.25
193,1,1,1,55.5,55.5
194,1,1,1,57.0,57.0
195,1,1,1,58.5,58.5
196,1,1,1,55.75,55.75
197,1,0,0,0.5,0.5
198,1,1,1,19.0,18.5
199,1,1,1,56.5,56.5
200,1,1,1,57.5,57.5
201,1,1,1,55.75,55.75
202,1,1,1,56.0,56.0
203,1,1,1,56.5,56.5
204,1,1,1,55.5,55.5
205,1,1,1,54.25,54.25
206,1,1,1,56.5,56.5
207,1,1,1,56.75,56.75
208,1,1,1,58.5,58.5
209,1,1,1,55.25,55.25
210,1,1,1,55.5,55.5
211,1,1,1,55.25,55.25
212,1,1,1,57.0,57.0
213,1,0,0,0.75,0.75
214,1,1,1,58.25,58.25
215,1,1,1,58.0,58.0
216,1,1,1,17.5,18.0
217,1,1,1,56.75,56.75
218,1,1,1,15.5,16.0
219,1,1,1,17.25,18.25
220,1,1,1,54.5,54.5
221,1,1,1,19.25,19.75
222,1,1,1,56.5,56.5
223,1,1,1,22.0,22.0
224,1,1,1,57.75,57.75
225,1,1,1,56.0,56.0
226,1,1,1,57.0,57.0
227,1,1,1,56.75,56.75
228,1,0,0,0.5,0.5
229,2,2,2,67.25,67.5
230,1,1,1,19.0,19.0
231,1,1,1,59.0,59.0
232,1,1,1,54.5,54.5
233,1,1,1,55.75,55.75
234,1,1,1,54.75,54.75
235,1,1,1,56.5,56.5
236,1,1,1,57.0,57.0
237,2,1,1,6.75,6.0
238,1,0,0,7.5,7.5
239,2,1,2,3.5,36.0
240,1,1,1,19.5,20.25
241,1,0,0,7.0,7.0
242,1,0,0,6.5,6.5
243,1,1,1,56.75,56.75
244,1,1,1,19.75,20.5
245,1,0,0,6.0,6.0
246,1,0,0,7.5,7.5
247,1,0,0,1.5,1.5
248,1,1,1,59.0,59.0
249,1,1,1,56.5,56.5
250,1,1,1,57.5,57.5
251,1,1,1,54.75,54.75
252,1,1,1,55.75,55.75
253,1,0,0,1.25,1.25
254,2,1,1,5.5,4.75
255,1,1,1,55.75,55.75
256,1,1,1,56.0,56.0
257,1,0,0,1.5,1.5
258,2,1,1,1.75,2.0
259,2,1,2,2.0,20.25
260,1,1,1,21.0,20.25
261,1,1,1,57.75,57.75
262,1,1,1,55.5,55.5
263,1,1,1,57.5,57.5
264,1,1,1,55.5,55.5
265,1,1,1,57.0,57.0
266,1,1,1,56.5,56.5
267,1,1,1,55.5,55.5
268,1,1,1,56.25,56.25
269,1,1,1,56.25,56.25
270,1,1,1,56.0,56.0
271,1,0,0,6.5,6.5
272,1,1,1,56.0,56.0
273,1,1,1,56.5,56.5
274,1,1,1,56.25,56.25
275,1,1,1,54.75,54.75
276,1,1,1,56.25,56.25
277,1,1,1,56.0,56.0
278,1,1,1,57.25,57.25
279,1,1,1,56.25,56.25
280,1,1,1,55.5,55.5
281,1,1,1,54.75,54.75
282,1,1,1,57.0,57.0
283,1,1,1,56.25,56.25
284,1,1,1,54.75,54.75
285,1,0,0,1.5,1.5
286,1,0,0,8.25,8.25
287,1,0,0,8.5,8.5
288,1,1,1,55.5,55.5
289,1,1,1,56.5,56.5
290,1,1,1,57.25,57.25
291,1,0,0,1.0,1.0
292,1,1,1,57.5,57.5
293,1,1,1,56.25,56.25
294,1,1,1,57.0,57.0
295,1,1,1,57.5,57.5
296,1,1,1,59.5,59.5
297,1,1,1,56.0,56.0
298,1,1,1,56.25,56.25
299,1,1,1,55.75,55.75
300,1,0,0,7.75,7.75
301,1,1,1,56.25,56.25
302,1,0,0,1.0,1.0
303,1,0,0,6.75,6.75
304,2,1,1,2.0,1.75
305,1,1,1,55.0,55.0
306,1,1,1,19.25,18.75
307,1,1,1,55.75,55.75
308,1,1,1,55.5,55.5
309,1,1,1,58.5,58.5
310,1,1,1,57.25,57.25
311,1,1,1,58.5,58.5
312,1,1,1,56.25,56.25
313,1,1,1,57.5,57.5
314,1,1,1,57.5,57.5
315,1,1,1,19.75,20.25
316,1,1,1,21.75,22.25
317,1,0,0,5.25,5.25
318,1,1,1,55.75,55.75
319,1,1,1,56.5,56.5
320,1,1,1,56.5,56.5
321,1,0,0,0.5,0.5
322,1,0,0,5.5,5.5
323,1,1,1,55.75,55.75
324,1,1,1,56.75,56.75
325,2,2,2,39.75,37.5
326,1,1,1,54.75,54.75
327,1,0,0,1.5,1.5
328,1,1,1,56.5,56.5
329,1,0,0,7.0,7.0
330,1,1,1,56.75,56.75
331,1,0,0,5.5,5.5
332,2,1,1,17.5,16.75
333,2,2,2,67.75,68.0
334,1,1,1,57.5,57.5
335,1,1,1,55.75,55.75
336,2,1,1,5.5,6.75
337,1,1,1,56.5,56.5
338,1,1,1,56.5,56.5
339,1,1,1,57.5,57.5
340,1,1,1,57.0,57.0
341,1,1,1,57.5,57.5
342,1,1,1,56.0,56.0
343,1,1,1,56.5,56.5
344,1,1,1,57.0,57.0
345,1,0,0,3.0,3.0
346,1,1,1,55.5,55.5
347,1,1,1,56.0,56.0
348,1,1,1,19.0,21.0
349,1,1,1,58.5,58.5
350,1,1,1,57.75,57.75
351,1,1,1,22.0,21.75
352,1,1,1,57.0,57.0
353,1,1,1,55.0,55.0
354,1,0,0,1.0,1.0
355,3,2,2,9.0,8.5
356,1,1,1,21.75,22.0
357,1,1,1,55.75,55.75
358,1,1,1,55.75,55.75
359,1,1,1,58.0,58.0
360,1,1,1,57.0,57.0
361,1,1,1,58.0,58.0
362,1,1,1,57.25,57.25
363,1,1,1,54.75,54.75
364,1,1,1,56.5,56.5
365,1,1,1,56.25,56.25
366,1,1,1,58.5,58.5
367,1,1,1,55.25,55.25
368,1,1,1,56.25,56.25
369,1,1,1,57.25,57.25
370,1,1,1,55.0,55.0
371,1,1,1,55.75,55.75
372,2,1,1,2.75,3.0
373,3,2,3,42.75,85.5
374,1,1,1,56.75,56.75
375,1,1,1,53.25,53.25
376,1,1,1,56.5,56.5
377,1,1,1,58.25,58.25
378,1,1,1,19.0,19.25
379,1,1,1,58.5,58.5
380,1,1,1,57.25,57.25
381,1,1,1,55.25,55.25
382,1,1,1,57.0,57.0
383,1,1,1,56.0,56.0
384,1,1,1,56.0,56.0
385,1,1,1,55.25,55.25
386,2,1,2,7.25,38.75
387,1,1,1,55.75,55.75
388,1,1,1,55.5,55.5
389,2,2,2,66.25,67.25
390,1,0,0,5.75,5.75
391,2,2,2,37.5,36.0
392,1,1,1,55.5,55.5
393,1,1,1,53.75,53.75
394,1,1,1,56.5,56.5
395,1,1,1,56.25,56.25
396,1,0,0,0.75,0.75
397,1,0,0,1.0,1.0
398,1,0,0,1.0,1.0
399,1,1,1,56.0,56.0
400,1,1,1,19.25,20.0
401,1,0,0,3.5,3.5
402,1,1,1,23.5,23.0
403,1,1,1,57.75,57.75
404,1,1,1,57.0,57.0
405,1,1,1,55.75,55.75
406,1,1,1,55.75,55.75
407,1,1,1,58.75,58.75
408,1,1,1,56.5,56.5
409,1,0,0,0.75,0.75
410,1,0,0,1.0,1.0
411,5,4,5,44.0,82.0
412,3,1,2,1.5,19.5
413,1,1,1,56.25,56.25
414,1,1,1,56.75,56.75
415,1,1,1,57.5,57.5
416,1,1,1,58.0,58.0
417,1,1,1,57.75,57.75
418,2,2,2,69.0,69.75
419,2,1,1,8.25,7.75
420,1,1,1,57.0,57.0
421,1,0,0,1.5,1.5
422,1,1,1,56.25,56.25
423,1,1,1,17.0,15.75
424,1,0,0,5.0,5.0
425,1,1,1,56.75,56.75
426,1,1,1,59.0,59.0
427,1,0,0,6.25,6.25
428,1,1,1,58.0,58.0
429,1,1,1,57.75,57.75
430,1,1,1,56.5,56.5
431,1,1,1,55.25,55.25
432,1,1,1,56.0,56.0
433,1,0,0,1.0,1.0
434,1,1,1,57.25,57.25
435,1,1,1,55.5,55.5
436,1,1,1,21.75,21.5
437,1,1,1,56.5,56.5
438,1,1,1,56.25,56.25
439,1,1,1,57.75,57.75
440,2,1,2,18.0,66.5
441,1,1,1,57.0,57.0
442,1,1,1,55.5,55.5
443,1,1,1,55.5,55.5
444,1,1,1,55.25,55.25
445,1,1,1,56.25,56.25
446,2,2,1,20.0,1.5
447,1,1,1,56.5,56.5
448,1,1,1,55.5,55.5
449,1,1,1,56.0,56.0
450,3,1,2,0.5,5.75
451,1,0,0,7.5,7.5
452,1,1,1,57.0,57.0
453,1,1,1,56.0,56.0
454,2,2,2,39.0,39.5
455,1,1,1,56.5,56.5
456,1,0,0,1.25,1.25
457,2,2,2,41.0,41.25
458,1,1,1,56.0,56.0
459,1,1,1,56.25,56.25
460,1,1,1,56.75,56.75
461,1,1,1,54.0,54.0
462,1,0,0,7.25,7.25
463,1,1,1,57.25,57.25
464,1,1,1,58.0,58.0
465,1,1,1,55.75,55.75
466,1,1,1,58.0,58.0
467,1,0,0,5.75,5.75
468,1,1,1,57.75,57.75
469,1,0,0,7.0,7.0
470,1,0,0,7.25,7.25
471,1,1,1,57.0,57.0
472,1,0,0,4.5,4.5
473,4,2,3,19.25,62.75
474,4,2,3,3.75,27.25
475,1,1,1,57.0,57.0
476,1,1,1,57.0,57.0
477,1,1,1,17.25,17.25
478,3,2,2,19.75,20.75
479,2,1,1,6.75,6.25
480,1,0,0,8.0,8.0
481,1,0,0,6.0,6.0
482,1,1,1,57.75,57.75
483,1,1,1,56.0,56.0
484,1,1,1,56.5,56.5
485,1,1,1,57.75,57.75
486,1,0,0,1.75,1.75
487,1,1,1,55.25,55.25
488,1,0,0,0.5,0.5
489,1,0,0,8.25,8.25
490,1,1,1,56.0,56.0
491,1,1,1,56.25,56.25
492,1,1,1,58.25,58.25
493,1,0,0,6.5,6.5
494,1,0,0,7.75,7.75
495,1,0,0,6.25,6.25
496,1,1,1,54.5,54.5
497,1,0,0,7.75,7.75
498,1,0,0,7.25,7.25
499,1,0,0,7.0,7.0
500,1,0,0,7.0,7.0
501,1,0,0,5.0,5.0
502,1,0,0,6.0,6.0
503,1,0,0,4.5,4.5
504,1,0,0,6.75,6.75
505,1,0,0,8.0,8.0
506,1,0,0,4.25,4.25
507,1,0,0,7.75,7.75
508,1,0,0,6.25,6.25
509,1,0,0,6.5,6.5
510,1,0,0,7.0,7.0
511,1,0,0,0.75,0.75
512,1,1,1,58.25,58.25
513,1,1,1,20.0,20.5
514,1,0,0,1.0,1.0
515,1,0,0,1.25,1.25
516,1,1,1,59.5,59.5
517,1,1,1,56.0,56.0
518,1,0,0,1.0,1.0
519,3,2,2,16.5,17.0
520,1,1,1,55.0,55.0
521,1,1,1,56.0,56.0
522,1,1,1,58.5,58.5
523,1,1,1,54.5,54.5
524,1,1,1,57.75,57.75
525,1,1,1,56.75,56.75
526,1,0,0,1.25,1.25
527,1,0,0,7.5,7.5
528,1,0,0,6.25,6.25
529,1,1,1,57.75,57.75
530,1,1,1,57.0,57.0
531,1,0,0,1.75,1.75
532,3,2,2,20.25,19.5
533,1,0,0,6.75,6.75
534,2,2,2,38.75,37.25
535,1,1,1,56.25,56.25
536,1,1,1,57.5,57.5
537,1,1,1,56.0,56.0
538,2,1,1,3.0,2.75
539,1,1,1,56.5,56.5
540,2,2,2,38.5,38.0
541,2,1,2,20.5,68.75
542,1,1,1,19.5,21.25
543,1,1,1,56.0,56.0
544,1,0,0,6.5,6.5
545,1,1,1,55.0,55.0
546,1,0,0,1.25,1.25
547,1,1,1,18.75,19.75
548,1,1,1,57.0,57.0
549,1,1,1,54.75,54.75
550,2,1,1,6.25,6.0
551,1,0,0,0.5,0.5
552,1,0,0,4.75,4.75
553,2,2,2,39.25,35.5
554,1,1,1,57.0,57.0
555,1,1,1,56.25,56.25
556,2,1,2,1.75,21.0
557,1,1,1,58.75,58.75
558,2,1,1,6.0,5.75
559,1,1,1,56.25,56.25
560,1,1,1,55.25,55.25
561,1,1,1,57.0,57.0
562,2,1,1,1.25,2.5
563,1,1,1,19.25,19.5
564,1,1,1,56.5,56.5
565,1,1,1,55.0,55.0
566,1,1,1,55.25,55.25
567,1,1,1,56.0,56.0
568,1,1,1,56.0,56.0
569,1,1,1,58.5,58.5
570,2,1,1,19.25,21.0
571,1,1,1,55.75,55.75
572,1,1,1,57.5,57.5
573,1,1,1,56.5,56.5
574,1,0,0,0.75,0.75
575,1,0,0,0.5,0.5
576,1,0,0,1.0,1.0
577,1,0,0,4.0,4.0
578,1,1,1,57.75,57.75
579,1,1,1,57.25,57.25
580,1,1,1,54.75,54.75
581,1,1,1,55.75,55.75
582,1,1,1,56.25,56.25
583,1,1,1,55.75,55.75
584,1,1,1,21.5,21.75
585,1,1,1,56.0,56.0
586,1,1,1,55.75,55.75
587,1,1,1,55.5,55.5
588,1,0,0,1.0,1.0
589,1,1,1,54.25,54.25
590,1,1,1,56.5,56.5
591,1,1,1,55.75,55.75
592,3,3,3,39.25,42.5
593,1,1,1,56.25,56.25
594,1,1,1,57.0,57.0
595,1,1,1,57.5,57.5
596,3,1,2,6.25,36.75
597,3,3,3,84.25,84.5
598,4,3,3,40.5,41.0
599,2,1,1,23.25,21.75
600,1,1,1,56.75,56.75
601,1,1,1,58.0,58.0
602,1,1,1,55.5,55.5
603,1,1,1,5.75,6.75
604,1,1,1,57.5,57.5
605,1,1,1,55.25,55.25
606,2,1,1,19.25,20.0
607,1,1,1,56.0,56.0
608,1,1,1,55.25,55.25
609,1,1,1,57.25,57.25
610,1,1,1,57.75,57.75
611,1,1,1,56.75,56.75
612,2,2,2,36.5,36.25
613,1,1,1,22.75,22.5
614,1,1,1,56.25,56.25
615,1,1,1,20.25,21.25
616,1,1,1,55.75,55.75
617,2,1,1,2.25,2.25
618,3,3,3,83.25,82.0
619,1,1,1,56.5,56.5
620,1,0,0,5.25,5.25
621,1,1,1,56.25,56.25
622,1,1,1,26.0,25.5
623,1,0,0,6.5,6.5
624,1,1,1,55.0,55.0
625,2,1,1,2.25,1.75
626,2,1,1,6.75,6.25
627,1,1,1,21.0,21.5
628,1,1,1,58.5,58.5
629,1,1,1,55.5,55.5
630,1,0,0,6.0,6.0
631,1,1,1,57.75,57.75
632,1,1,1,19.75,20.25
633,3,2,3,10.5,42.5
634,1,1,1,55.75,55.75
635,1,1,1,55.0,55.0
636,1,1,1,57.0,57.0
637,1,1,1,55.5,55.5
638,2,1,1,5.5,5.0
639,1,1,1,57.5,57.5
640,2,1,1,1.75,1.5
641,2,1,2,5.0,39.25
642,1,1,1,17.25,17.75
643,1,1,1,19.0,20.0
644,2,2,2,35.5,35.75
645,2,1,1,4.5,5.25
646,3,1,2,2.5,21.5
647,1,1,1,20.25,20.0
648,3,2,3,10.25,40.5
649,2,1,1,5.0,5.75
650,1,1,1,57.0,57.0
651,2,1,1,5.75,5.75
652,1,1,1,57.25,57.25
653,1,0,0,4.5,4.5
654,1,1,1,54.75,54.75
655,1,1,1,58.25,58.25
656,1,0,0,7.0,7.0
657,1,0,0,6.0,6.0
658,1,1,1,55.25,55.25
659,1,1,1,55.0,55.0
660,1,1,1,56.0,56.0
661,1,0,0,6.75,6.75
662,1,1,1,56.5,56.5
663,1,1,1,59.25,59.25
664,1,1,1,60.0,60.0
665,1,1,1,56.75,56.75
666,1,1,1,57.75,57.75
667,1,1,1,56.25,56.25
668,1,1,1,55.5,55.5
669,2,1,1,2.25,2.5
670,1,0,0,5.25,5.25
671,1,1,1,59.25,59.25
672,1,1,1,58.0,58.0
673,1,1,1,55.0,55.0
674,1,1,1,54.75,54.75
675,1,1,1,21.25,19.75
676,1,0,0,1.0,1.0
677,1,0,0,6.75,6.75
678,1,1,1,56.75,56.75
679,3,1,2,1.0,8.75
680,1,1,1,17.0,18.75
681,3,3,3,43.0,43.0
682,1,1,1,19.5,20.0
683,2,1,1,9.0,8.25
684,1,1,1,55.5,55.5
685,1,1,1,16.25,18.25
686,1,1,1,58.75,58.75
687,1,1,1,56.25,56.25
688,1,1,1,55.75,55.75
689,1,0,0,7.5,7.5
690,1,0,0,7.75,7.75
691,1,1,1,55.0,55.0
692,3,2,2,10.75,9.5
693,1,1,1,20.5,20.5
694,1,1,1,57.0,57.0
695,1,1,1,57.25,57.25
696,2,1,1,18.5,17.0
697,1,0,0,1.0,1.0
698,1,1,1,17.75,17.0
699,2,1,2,6.75,41.75
700,1,1,1,54.75,54.75
701,1,1,1,57.75,57.75
702,1,1,1,57.0,57.0
703,1,0,0,7.25,7.25
704,2,1,1,20.75,20.25
705,1,1,1,57.5,57.5
706,1,1,1,55.75,55.75
707,1,1,1,54.5,54.5
708,1,0,0,0.75,0.75
709,1,1,1,56.0,56.0
710,1,0,0,7.75,7.75
711,1,1,1,56.25,56.25
712,1,1,1,58.25,58.25
713,1,1,1,57.0,57.0
714,1,0,0,6.25,6.25
715,1,1,1,57.0,57.0
716,1,1,1,56.25,56.25
717,1,1,1,55.0,55.0
718,1,1,1,58.25,58.25
719,1,1,1,53.25,53.25
720,1,1,1,56.25,56.25
721,1,1,1,57.0,57.0
722,1,1,1,56.0,56.0
723,3,1,2,0.5,7.75
724,1,1,1,56.75,56.75
725,2,1,1,6.25,7.5
726,1,0,0,0.75,0.75
727,1,0,0,5.5,5.5
728,1,0,0,0.5,0.5
729,1,1,1,57.25,57.25
730,2,1,1,1.5,2.0
731,1,1,1,58.25,58.25
732,1,1,1,59.25,59.25
733,1,1,1,58.25,58.25
734,1,1,1,20.0,20.25
735,1,1,1,55.75,55.75
736,1,1,1,16.75,16.5
737,2,2,2,16.25,16.0
738,1,1,1,56.5,56.5
739,1,1,1,56.25,56.25
740,1,0,0,1.5,1.5
741,2,1,2,7.5,40.75
742,2,2,2,69.75,69.5
743,3,2,2,20.5,19.0
744,1,1,1,55.0,55.0
745,1,1,1,55.75,55.75
746,1,1,1,54.0,54.0
747,1,1,1,56.25,56.25
748,1,1,1,21.25,20.5
749,1,1,1,16.75,15.5
750,1,1,1,54.75,54.75
751,1,1,1,56.75,56.75
752,1,1,1,57.0,57.0
753,1,1,1,57.0,57.0
754,1,1,1,55.75,55.75
755,1,0,0,6.0,6.0
756,1,1,1,55.75,55.75
757,1,0,0,6.5,6.5
758,1,1,1,22.5,23.75
759,1,0,0,0.75,0.75
760,1,1,1,55.75,55.75
761,1,1,1,19.75,19.25
762,1,1,1,57.75,57.75
763,1,0,0,1.25,1.25
764,1,0,0,6.5,6.5
765,1,0,0,7.25,7.25
766,1,1,1,20.25,21.25
767,1,1,1,19.5,19.25
768,2,2,2,35.5,35.25
769,1,1,1,55.75,55.75
770,1,1,1,58.5,58.5
771,1,1,1,18.5,18.75
772,3,2,2,10.75,9.25
773,1,1,1,56.75,56.75
774,1,0,0,0.75,0.75
775,2,1,1,3.5,3.5
776,1,0,0,1.0,1.0
777,1,1,1,20.75,22.25
778,2,1,1,5.5,4.75
779,1,1,1,56.5,56.5
780,1,0,0,1.25,1.25
781,1,0,0,1.25,1.25
782,1,0,0,6.0,6.0
783,3,2,2,5.75,6.0
784,1,0,0,6.0,6.0
785,1,1,1,56.0,56.0
786,1,1,1,57.5,57.5
787,1,1,1,17.5,18.0
788,1,1,1,56.5,56.5
789,3,3,3,83.25,84.5
790,1,1,1,56.25,56.25
791,1,1,1,56.75,56.75
792,2,1,1,6.5,5.25
793,1,1,1,58.25,58.25
794,2,2,2,37.0,35.75
795,1,0,0,6.75,6.75
796,1,1,1,58.5,58.5
797,1,1,1,56.0,56.0
798,1,0,0,0.75,0.75
799,1,0,0,4.75,4.75
800,1,0,0,9.0,9.0
801,1,0,0,8.75,8.75
802,1,0,0,1.0,1.0
803,1,1,1,56.0,56.0
804,1,1,1,55.75,55.75
805,1,1,1,59.25,59.25
806,1,1,1,19.75,20.5
807,1,1,1,55.5,55.5
808,1,1,1,56.0,56.0
809,1,1,1,57.0,57.0
810,1,1,1,56.75,56.75
811,1,1,1,57.0,57.0
812,1,1,1,55.25,55.25
813,1,1,1,57.0,57.0
814,1,1,1,55.75,55.75
815,1,1,1,57.25,57.25
816,1,1,1,54.5,54.5
817,1,1,1,55.5,55.5
818,1,1,1,18.25,17.0
819,1,1,1,56.25,56.25
820,1,1,1,54.0,54.0
821,1,1,1,19.0,20.0
822,1,1,1,55.5,55.5
823,1,0,0,0.5,0.5
824,2,2,2,67.25,66.0
825,1,1,1,17.0,16.0
826,1,1,1,54.75,54.75
827,1,1,1,19.0,19.75
828,1,1,1,58.75,58.75
829,2,2,2,38.5,38.5
830,1,1,1,56.75,56.75
831,1,0,0,5.75,5.75
832,1,1,1,57.75,57.75
833,1,1,1,58.0,58.0
834,1,1,1,19.25,20.5
835,1,1,1,57.0,57.0
836,1,1,1,56.75,56.75
837,1,1,1,56.25,56.25
838,1,0,0,1.25,1.25
839,2,1,2,19.0,67.5
840,1,1,1,57.5,57.5
841,1,1,1,55.25,55.25
842,2,1,2,8.0,37.75
843,1,1,1,21.25,20.25
844,2,1,1,4.5,4.75
845,1,1,1,56.5,56.5
846,1,1,1,56.25,56.25
847,1,1,1,20.5,21.75
848,1,1,1,17.75,19.25
849,1,1,1,19.75,20.5
850,1,0,0,1.0,1.0
851,3,1,2,0.5,9.0
852,1,1,1,56.75,56.75
853,2,1,1,4.25,3.5
854,1,0,0,7.0,7.0
855,1,1,1,58.25,58.25
856,2,2,2,39.5,38.0
857,1,1,1,58.0,58.0
858,1,1,1,56.75,56.75
859,1,0,0,4.5,4.5
860,2,1,1,1.5,2.0
861,1,0,0,0.5,0.5
862,1,0,0,5.25,5.25
863,1,1,1,20.25,20.75
864,1,0,0,1.25,1.25
865,1,1,1,57.25,57.25
866,1,0,0,8.75,8.75
867,1,0,0,6.5,6.5
868,1,1,1,20.25,20.75
869,1,0,0,1.0,1.0
870,1,0,0,1.75,1.75
871,1,1,1,56.5,56.5
872,2,1,1,8.5,7.75
873,1,1,1,55.25,55.25
874,1,0,0,1.25,1.25
875,2,1,1,20.75,21.25
876,1,0,0,7.5,7.5
877,1,1,1,56.5,56.5
878,1,0,0,7.25,7.25
879,1,1,1,20.25,23.0
880,1,1,1,56.25,56.25
881,1,0,0,7.0,7.0
882,1,1,1,55.75,55.75
883,1,0,0,7.0,7.0
884,1,0,0,0.75,0.75
885,1,1,1,58.25,58.25
886,1,1,1,21.5,20.75
887,1,1,1,55.0,55.0
888,1,1,1,20.25,19.75
889,2,2,2,39.5,40.0
890,1,1,1,56.25,56.25
891,1,1,1,20.5,21.0
892,2,2,2,71.5,71.0
893,1,1,1,56.5,56.5
894,1,1,1,57.25,57.25
895,1,0,0,5.75,5.75
896,1,1,1,57.5,57.5
897,1,1,1,54.5,54.5
898,1,0,0,6.5,6.5
899,1,1,1,57.25,57.25
900,1,1,1,54.25,54.25
901,1,1,1,55.5,55.5
902,1,1,1,56.75,56.75
903,1,1,1,58.5,58.5
904,1,1,1,57.75,57.75
905,1,0,0,6.5,6.5
906,1,1,1,56.25,56.25
907,1,1,1,55.0,55.0
908,1,0,0,0.5,0.5
909,1,0,0,0.0,0.0
910,2,1,1,5.75,5.0
911,1,0,0,9.0,9.0
912,1,1,1,57.25,57.25
913,1,1,1,57.25,57.25
914,2,2,2,68.25,69.0
915,1,1,1,18.25,18.0
916,1,1,1,19.0,19.75
917,3,2,2,22.5,22.25
918,1,1,1,56.5,56.5
919,1,0,0,1.25,1.25
920,1,1,1,57.25,57.25
921,1,1,1,58.5,58.5
922,1,1,1,56.25,56.25
923,1,1,1,57.5,57.5
924,1,1,1,55.25,55.25
925,1,1,1,55.75,55.75
926,1,1,1,55.75,55.75
927,1,1,1,54.5,54.5
928,1,0,0,7.75,7.75
929,1,1,1,59.25,59.25
930,1,1,1,56.25,56.25
931,1,0,0,0.5,0.5
932,2,2,2,39.75,40.75
933,1,1,1,55.75,55.75
934,1,1,1,55.25,55.25
935,1,1,1,55.75,55.75
936,2,1,1,5.25,5.0
937,1,1,1,54.5,54.5
938,1,1,1,56.25,56.25
939,1,0,0,7.75,7.75
940,1,1,1,54.0,54.0
941,1,1,1,57.0,57.0
942,1,1,1,55.5,55.5
943,1,1,1,57.5,57.5
944,1,1,1,57.5,57.5
945,1,1,1,20.5,20.75
946,1,1,1,57.25,57.25
947,1,1,1,56.75,56.75
948,1,0,0,0.5,0.5
949,1,1,1,56.25,56.25
950,1,1,1,57.25,57.25
951,1,1,1,54.75,54.75
952,2,1,1,2.0,1.0
953,2,1,1,6.25,6.25
954,2,1,1,7.0,7.5
955,3,2,3,9.75,44.5
956,1,1,1,56.5,56.5
957,1,1,1,57.0,57.0
958,1,1,1,56.25,56.25
959,1,1,1,57.5,57.5
960,3,2,2,33.0,33.5
961,1,0,0,0.5,0.5
962,1,1,1,56.75,56.75
963,1,1,1,56.0,56.0
964,1,1,1,55.25,55.25
965,1,1,1,57.25,57.25
966,1,1,1,19.5,18.0
967,2,2,2,39.5,39.75
968,1,1,1,16.25,16.75
969,1,1,1,57.0,57.0
970,2,2,2,35.75,36.0
971,2,1,1,2.75,2.75
972,1,1,1,55.0,55.0
973,1,1,1,58.75,58.75
974,1,1,1,57.5,57.5
975,1,1,1,19.25,20.5
976,1,1,1,56.0,56.0
977,1,0,0,1.25,1.25
978,1,1,1,57.25,57.25
979,1,1,1,59.0,59.0
980,2,1,2,23.75,71.75
981,1,1,1,21.0,20.5
982,1,1,1,56.25,56.25
983,1,1,1,56.0,56.0
984,1,1,1,55.5,55.5
985,1,1,1,56.0,56.0
986,1,1,1,56.5,56.5
987,1,1,1,57.25,57.25
988,1,1,1,18.0,17.5
989,1,1,1,55.0,55.0
990,1,1,1,58.0,58.0
991,3,1,2,3.0,20.25
992,1,1,1,54.75,54.75
993,1,0,0,1.25,1.25
994,1,1,1,55.5,55.5
995,1,0,0,4.75,4.75
996,1,1,1,56.0,56.0
997,1,0,0,7.25,7.25
998,1,1,1,55.75,55.75
999,1,1,1,58.75,58.75
1000,1,1,1,55.0,55.0
1001,1,1,1,57.75,57.75
1002,1,1,1,55.0,55.0
1003,1,1,1,55.0,55.0
1004,1,1,1,57.75,57.75
1005,3,1,2,0.75,9.0
1006,1,1,1,56.75,56.75
1007,2,1,1,7.0,7.75
1008,1,1,1,17.5,17.25
1009,1,1,1,19.0,19.75
1010,1,1,1,56.0,56.0
1011,1,1,1,54.75,54.75
1012,1,1,1,56.75,56.75
1013,1,0,0,0.5,0.5
1014,1,0,0,5.75,5.75
1015,1,1,1,18.25,17.25
1016,1,1,1,56.0,56.0
1017,1,1,1,55.25,55.25
1018,1,1,1,55.75,55.75
1019,2,1,2,2.5,22.0
1020,2,1,2,22.5,71.0
1021,1,1,1,16.5,18.0
1022,1,1,1,57.25,57.25
1023,1,0,0,6.5,6.5
1024,2,1,1,1.25,1.25
1025,1,1,1,56.25,56.25
1026,1,1,1,58.25,58.25
1027,1,0,0,0.5,0.5
1028,1,1,1,19.75,19.5
1029,1,0,0,6.25,6.25
1030,2,1,2,7.0,40.0
1031,1,1,1,56.25,56.25
1032,1,0,0,8.5,8.5
1033,1,1,1,18.75,19.0
1034,1,1,1,19.25,20.0
1035,1,1,1,53.0,53.0
1036,1,1,1,55.75,55.75
1037,1,1,1,57.25,57.25
1038,1,0,0,1.0,1.0
1039,1,0,0,7.5,7.5
1040,2,1,1,1.5,2.0
1041,1,1,1,57.25,57.25
1042,2,1,2,15.75,67.25
1043,3,2,3,22.5,62.75
1044,2,2,2,38.25,38.75
1045,1,1,1,56.5,56.5
1046,1,1,1,54.75,54.75
1047,1,1,1,19.75,18.5
1048,1,1,1,57.75,57.75
1049,1,1,1,59.0,59.0
1050,2,1,1,19.0,20.75
1051,1,1,1,58.0,58.0
1052,1,1,1,55.25,55.25
1053,1,1,1,57.75,57.75
1054,1,1,1,56.75,56.75
1055,1,1,1,56.75,56.75
1056,1,1,1,58.0,58.0
1057,1,1,1,57.0,57.0
1058,1,1,1,20.5,21.0
1059,1,1,1,55.25,55.25
1060,1,1,1,55.25,55.25
1061,1,0,0,1.25,1.25
1062,1,0,0,7.0,7.0
1063,2,1,1,18.0,19.0
1064,2,1,1,19.0,18.25
1065,1,1,1,19.25,19.75
1066,1,1,1,57.0,57.0
1067,2,1,1,2.5,2.5
1068,1,0,0,1.5,1.5
1069,1,0,0,5.0,5.0
1070,1,0,0,7.5,7.5
1071,1,1,1,17.25,18.5
1072,1,1,1,55.0,55.0
1073,3,2,3,10.25,43.25
1074,1,1,1,19.75,18.25
1075,2,1,1,21.75,23.75
1076,1,1,1,58.0,58.0
1077,1,1,1,21.0,20.75
1078,1,1,1,56.0,56.0
1079,1,1,1,56.25,56.25
1080,1,1,1,54.25,54.25
1081,1,1,1,57.5,57.5
1082,1,1,1,55.75,55.75
1083,3,2,2,12.5,11.25
1084,1,1,1,55.25,55.25
1085,1,1,1,57.25,57.25
1086,1,1,1,55.5,55.5
1087,1,1,1,54.5,54.5
1088,1,1,1,56.0,56.0
1089,1,1,1,58.75,58.75
1090,3,3,3,43.25,41.25
1091,1,1,1,54.25,54.25
1092,2,1,2,18.25,67.5
1093,2,2,2,19.0,19.5
1094,1,1,1,56.25,56.25
1095,1,1,1,56.75,56.75
1096,2,1,1,2.75,2.25
1097,1,1,1,57.75,57.75
1098,1,0,0,7.0,7.0
1099,1,1,1,58.0,58.0
1100,1,0,0,1.5,1.5
1101,1,1,1,58.25,58.25
1102,1,1,1,55.5,55.5
1103,1,1,1,56.0,56.0
1104,1,1,1,56.5,56.5
1105,1,1,1,56.5,56.5
1106,2,2,2,15.0,16.0
1107,1,0,0,8.0,8.0
1108,3,2,3,11.25,43.0
1109,1,1,1,55.5,55.5
1110,1,1,1,56.5,56.5
1111,1,1,1,58.25,58.25
1112,2,1,1,1.5,1.75
1113,1,0,0,5.0,5.0
1114,1,1,1,21.0,23.75
1115,1,1,1,55.5,55.5
1116,1,1,1,56.25,56.25
1117,1,1,1,57.0,57.0
1118,1,1,1,19.25,19.75
1119,1,0,0,6.75,6.75
1120,1,0,0,1.0,1.0
1121,1,1,1,55.5,55.5
1122,1,1,1,54.75,54.75
1123,1,0,0,6.5,6.5
1124,1,0,0,1.25,1.25
1125,1,1,1,18.75,18.75
1126,1,0,0,6.5,6.5
1127,1,0,0,5.0,5.0
1128,1,0,0,6.0,6.0
1129,2,1,1,19.5,19.75
1130,1,1,1,56.5,56.5
1131,1,1,1,57.25,57.25
1132,1,1,1,57.75,57.75
1133,1,0,0,5.0,5.0
1134,1,1,1,21.0,20.0
1135,1,1,1,19.75,20.0
1136,1,1,1,21.75,22.75
1137,1,1,1,57.25,57.25
1138,2,2,2,40.75,40.5
1139,1,1,1,19.0,19.25
1140,4,3,3,26.25,27.0
1141,1,0,0,1.0,1.0
1142,1,1,1,58.75,58.75
1143,1,1,1,56.5,56.5
1144,1,1,1,56.75,56.75
1145,1,1,1,17.75,17.5
1146,1,1,1,57.0,57.0
1147,2,2,2,34.5,35.0
1148,1,1,1,56.25,56.25
1149,1,1,1,18.75,19.0
1150,1,1,1,21.5,21.25
1151,1,1,1,17.0,16.5
1152,1,1,1,58.0,58.0
1153,1,1,1,56.0,56.0
1154,1,0,0,8.25,8.25
1155,2,2,2,40.0,40.0
1156,1,1,1,57.0,57.0
1157,2,2,2,39.75,37.0
1158,1,1,1,55.75,55.75
1159,1,1,1,58.5,58.5
1160,1,1,1,57.0,57.0
1161,1,0,0,7.25,7.25
1162,1,1,1,56.25,56.25
1163,1,0,0,0.75,0.75
1164,1,1,1,56.0,56.0
1165,1,0,0,5.25,5.25
1166,1,1,1,58.75,58.75
1167,1,1,1,55.25,55.25
1168,1,1,1,56.75,56.75
1169,1,1,1,54.5,54.5
1170,1,0,0,5.75,5.75
1171,1,0,0,1.25,1.25
1172,1,0,0,6.5,6.5
1173,1,1,1,56.5,56.5
1174,1,1,1,57.25,57.25
1175,1,0,0,0.5,0.5
1176,1,0,0,5.0,5.0
1177,1,0,0,1.5,1.5
1178,1,0,0,7.5,7.5
1179,1,1,1,56.75,56.75
1180,2,2,2,71.5,72.25
1181,1,1,1,56.25,56.25
1182,1,1,1,56.75,56.75
1183,1,0,0,9.5,9.5
1184,1,0,0,5.0,5.0
1185,1,0,0,1.0,1.0
1186,1,1,1,55.75,55.75
1187,1,1,1,56.75,56.75
1188,1,0,0,0.75,0.75
1189,1,1,1,56.75,56.75
1190,1,1,1,54.5,54.5
1191,1,1,1,55.75,55.75
1192,1,1,1,20.5,20.0
1193,1,1,1,57.25,57.25
1194,1,1,1,54.25,54.25
1195,2,2,2,42.0,41.25
1196,2,1,1,5.25,4.25
1197,1,0,0,0.75,0.75
1198,1,1,1,57.75,57.75
1199,1,1,1,57.0,57.0
1200,1,0,0,1.75,1.75
1201,2,1,1,6.75,6.75
1202,1,1,1,19.25,20.5
1203,1,1,1,56.25,56.25
1204,2,1,2,3.25,22.25
1205,1,0,0,8.25,8.25
1206,1,0,0,5.25,5.25
1207,1,0,0,1.0,1.0
1208,1,1,1,18.0,18.25
1209,2,1,1,1.75,1.0
1210,1,1,1,57.25,57.25
1211,1,1,1,58.25,58.25
1212,1,1,1,56.0,56.0
1213,1,1,1,57.0,57.0
1214,1,1,1,58.5,58.5
1215,1,0,0,0.75,0.75
1216,1,0,0,5.5,5.5
1217,1,0,0,0.0,0.0
1218,1,1,1,57.0,57.0
1219,1,1,1,56.25,56.25
1220,1,0,0,7.5,7.5
1221,2,1,2,4.5,37.75
1222,1,0,0,6.25,6.25
1223,1,1,1,56.75,56.75
1224,1,1,1,20.75,21.0
1225,1,1,1,59.25,59.25
1226,1,1,1,57.5,57.5
1227,1,1,1,56.25,56.25
1228,1,0,0,0.75,0.75
1229,1,0,0,6.5,6.5
1230,2,2,2,37.75,37.75
1231,1,1,1,57.25,57.25
1232,1,1,1,56.75,56.75
1233,1,0,0,5.5,5.5
1234,2,1,1,19.5,19.5
1235,1,1,1,55.75,55.75
1236,3,3,3,83.25,84.0
1237,1,1,1,57.25,57.25
1238,1,1,1,57.25,57.25
1239,1,0,0,0.5,0.5
1240,1,0,0,1.25,1.25
1241,1,1,1,55.75,55.75
1242,3,2,3,11.25,43.75
1243,1,1,1,20.0,19.75
1244,1,1,1,56.0,56.0
1245,1,1,1,55.25,55.25
1246,1,1,1,57.25,57.25
1247,1,0,0,1.5,1.5
1248,1,1,1,55.75,55.75
1249,1,1,1,57.5,57.5
1250,1,1,1,54.0,54.0
1251,1,1,1,57.0,57.0
1252,1,1,1,56.25,56.25
1253,1,1,1,56.0,56.0
1254,1,1,1,56.75,56.75
1255,1,1,1,55.75,55.75
1256,1,1,1,53.5,53.5
1257,1,1,1,57.5,57.5
1258,1,1,1,53.5,53.5
1259,1,0,0,7.25,7.25
1260,1,1,1,57.0,57.0
1261,1,1,1,57.5,57.5
1262,1,0,0,1.5,1.5
1263,1,1,1,57.5,57.5
1264,1,0,0,5.0,5.0
1265,1,0,0,7.5,7.5
1266,1,1,1,16.25,17.5
1267,1,1,1,56.75,56.75
1268,1,1,1,57.75,57.75
1269,2,1,2,23.75,71.0
1270,1,1,1,55.5,55.5
1271,1,1,1,55.75,55.75
1272,1,0,0,6.75,6.75
1273,1,1,1,56.5,56.5
1274,2,1,1,2.75,3.25
1275,5,3,4,6.0,27.0
1276,1,1,1,57.75,57.75
1277,1,1,1,56.75,56.75
1278,1,1,1,56.5,56.5
1279,1,1,1,57.75,57.75
1280,3,1,2,1.0,10.0
1281,1,0,0,6.25,6.25
1282,1,1,1,60.0,60.0
1283,1,1,1,55.0,55.0
1284,1,0,0,3.5,3.5
1285,3,2,2,8.25,9.5
1286,1,1,1,55.75,55.75
1287,1,1,1,20.5,22.25
1288,1,0,0,0.0,0.0
1289,1,1,1,56.75,56.75
1290,1,1,1,57.0,57.0
1291,1,1,1,56.5,56.5
1292,1,1,1,56.0,56.0
1293,1,1,1,58.75,58.75
1294,1,1,1,57.25,57.25
1295,1,1,1,58.0,58.0
1296,1,1,1,55.75,55.75
1297,1,1,1,57.0,57.0
1298,1,1,1,55.25,55.25
1299,4,3,2,60.25,19.0
1300,1,1,1,57.75,57.75
1301,1,0,0,1.0,1.0
1302,1,0,0,0.75,0.75
1303,2,1,1,6.75,6.5
1304,1,1,1,57.25,57.25
1305,1,1,1,23.0,22.75
1306,1,1,1,57.25,57.25
1307,1,0,0,8.5,8.5
1308,1,1,1,55.5,55.5
1309,1,0,0,0.75,0.75
1310,1,1,1,17.25,17.75
1311,1,1,1,56.5,56.5
1312,1,1,1,55.0,55.0
1313,1,0,0,1.5,1.5
1314,1,1,1,58.0,58.0
1315,1,1,1,57.25,57.25
1316,3,1,2,2.0,19.25
1317,2,2,2,39.25,42.25
1318,1,1,1,55.25,55.25
1319,1,1,1,56.5,56.5
1320,1,1,1,56.0,56.0
1321,1,1,1,55.5,55.5
1322,1,1,1,56.75,56.75
1323,1,1,1,55.25,55.25
1324,1,1,1,18.25,18.0
1325,1,0,0,0.0,0.0
1326,1,1,1,58.5,58.5
1327,1,1,1,56.25,56.25
1328,1,1,1,22.0,22.0
1329,3,2,3,39.25,84.75
1330,1,0,0,1.25,1.25
1331,1,1,1,55.0,55.0
1332,1,0,0,5.0,5.0
1333,1,1,1,56.25,56.25
1334,1,1,1,22.25,22.0
1335,1,0,0,1.25,1.25
1336,3,2,2,18.0,18.5
1337,1,1,1,57.25,57.25
1338,1,1,1,56.0,56.0
1339,1,1,1,57.5,57.5
1340,1,1,1,57.0,57.0
1341,1,1,1,55.75,55.75
1342,1,1,1,56.75,56.75
1343,1,1,1,55.0,55.0
1344,1,1,1,18.75,18.25
1345,1,1,1,56.5,56.5
1346,1,1,1,20.75,19.5
1347,1,0,0,1.5,1.5
1348,1,1,1,58.25,58.25
1349,2,1,1,5.75,4.5
1350,1,1,1,58.0,58.0
1351,1,1,1,57.75,57.75
1352,1,1,1,57.5,57.5
1353,1,0,0,1.0,1.0
1354,1,1,1,55.0,55.0
1355,1,0,0,7.5,7.5
1356,1,1,1,57.5,57.5
1357,1,1,1,56.5,56.5
1358,1,1,1,55.75,55.75
1359,1,1,1,54.25,54.25
1360,1,0,0,7.75,7.75
1361,2,2,2,18.75,17.25
1362,1,0,0,5.75,5.75
1363,1,0,0,8.0,8.0
1364,1,1,1,54.0,54.0
1365,1,1,1,55.25,55.25
1366,1,1,1,57.0,57.0
1367,1,1,1,55.75,55.75
1368,1,1,1,55.0,55.0
1369,1,0,0,6.75,6.75
1370,1,1,1,56.0,56.0
1371,1,1,1,55.25,55.25
1372,1,1,1,55.25,55.25
1373,1,1,1,19.0,19.75
1374,1,0,0,5.0,5.0
1375,1,1,1,55.75,55.75
1376,1,1,1,55.5,55.5
1377,1,1,1,56.75,56.75
1378,1,1,1,57.0,57.0
1379,2,1,1,23.5,23.25
1380,1,1,1,56.75,56.75
1381,1,1,1,54.75,54.75
1382,1,1,1,56.0,56.0
1383,1,0,0,1.25,1.25
1384,1,1,1,55.0,55.0
1385,1,1,1,56.5,56.5
1386,1,1,1,56.25,56.25
1387,1,0,0,1.0,1.0
1388,1,1,1,57.0,57.0
1389,1,1,1,55.25,55.25
1390,1,0,0,6.25,6.25
1391,1,0,0,5.75,5.75
1392,1,1,1,54.75,54.75
1393,1,1,1,55.75,55.75
1394,2,1,1,21.5,21.5
1395,1,1,1,56.25,56.25
1396,1,1,1,56.0,56.0
1397,1,1,1,57.75,57.75
1398,2,2,2,42.5,41.0
1399,2,1,1,17.75,16.5
1400,1,1,1,55.0,55.0
1401,1,0,0,1.25,1.25
1402,1,1,1,55.75,55.75
1403,1,1,1,55.5,55.5
1404,1,1,1,56.75,56.75
1405,1,0,0,1.25,1.25
1406,1,1,1,55.75,55.75
1407,1,1,1,56.75,56.75
1408,1,1,1,55.25,55.25
1409,1,1,1,56.75,56.75
1410,2,1,1,20.0,21.0
1411,1,1,1,57.25,57.25
1412,1,1,1,54.5,54.5
1413,1,1,1,54.5,54.5
1414,1,1,1,57.25,57.25
1415,1,1,1,55.5,55.5
1416,1,1,1,55.5,55.5
1417,1,1,1,54.5,54.5
1418,1,1,1,57.75,57.75
1419,1,1,1,56.75,56.75
1420,1,1,1,57.5,57.5
1421,1,1,1,54.0,54.0
1422,1,1,1,56.0,56.0
1423,1,0,0,0.75,0.75
1424,1,1,1,60.5,60.5
1425,1,1,1,58.25,58.25
1426,1,1,1,56.5,56.5
1427,1,1,1,56.25,56.25
1428,1,1,1,55.0,55.0
1429,1,1,1,56.25,56.25
1430,1,0,0,0.75,0.75
1431,1,1,1,56.75,56.75
1432,1,1,1,57.5,57.5
1433,1,1,1,60.25,60.25
1434,1,1,1,22.0,21.5
1435,1,1,1,57.25,57.25
1436,3,2,2,20.25,19.0
1437,1,1,1,56.25,56.25
1438,1,0,0,0.5,0.5
1439,1,1,1,55.75,55.75
1440,1,1,1,57.5,57.5
1441,1,0,0,1.25,1.25
1442,1,1,1,56.75,56.75
1443,1,1,1,56.25,56.25
1444,1,1,1,56.25,56.25
1445,1,0,0,1.25,1.25
1446,2,1,1,22.25,21.25
1447,2,2,2,36.75,38.5
1448,1,1,1,56.5,56.5
1449,1,0,0,1.25,1.25
1450,1,1,1,57.75,57.75
1451,1,0,0,6.75,6.75
1452,1,1,1,55.25,55.25
1453,1,0,0,1.75,1.75
1454,1,1,1,18.75,18.0
1455,1,0,0,8.0,8.0
1456,2,1,2,19.75,69.5
1457,1,0,0,5.0,5.0
1458,1,1,1,16.5,18.0
1459,1,0,0,6.25,6.25
1460,1,0,0,7.0,7.0
1461,1,1,1,54.0,54.0
1462,1,0,0,1.25,1.25
1463,1,1,1,56.75,56.75
1464,1,0,0,6.0,6.0
1465,1,1,1,56.25,56.25
1466,1,1,1,18.25,18.5
1467,1,1,1,57.0,57.0
1468,1,1,1,55.25,55.25
1469,1,1,1,56.25,56.25
1470,1,1,1,57.0,57.0
1471,1,1,1,56.5,56.5
1472,1,1,1,55.75,55.75
1473,1,1,1,55.0,55.0
1474,1,1,1,57.5,57.5
1475,1,1,1,56.0,56.0
1476,1,1,1,55.25,55.25
1477,1,1,1,55.75,55.75
1478,1,1,1,58.0,58.0
1479,1,1,1,55.75,55.75
1480,1,1,1,55.25,55.25
1481,1,1,1,55.5,55.5
1482,1,1,1,56.0,56.0
1483,1,1,1,56.25,56.25
1484,1,1,1,58.0,58.0
1485,1,1,1,56.5,56.5
1486,1,1,1,57.75,57.75
1487,1,1,1,58.75,58.75
1488,1,1,1,53.5,53.5
1489,1,0,0,7.0,7.0
1490,1,1,1,57.0,57.0
1491,1,1,1,55.5,55.5
1492,1,1,1,54.5,54.5
1493,1,1,1,58.0,58.0
1494,1,1,1,56.25,56.25
1495,1,1,1,56.25,56.25
1496,1,1,1,20.0,19.0
1497,1,1,1,55.0,55.0
1498,1,1,1,57.0,57.0
1499,1,1,1,56.25,56.25
1500,1,1,1,55.75,55.75
1501,1,1,1,54.5,54.5
1502,1,1,1,58.25,58.25
1503,1,1,1,55.25,55.25
1504,1,1,1,56.25,56.25
1505,1,1,1,57.25,57.25
1506,1,1,1,57.25,57.25
1507,1,1,1,56.25,56.25
1508,1,1,1,58.5,58.5
1509,1,1,1,57.75,57.75
1510,1,1,1,56.25,56.25
1511,1,1,1,56.0,56.0
1512,2,1,1,3.0,3.25
1513,1,1,1,56.75,56.75
1514,1,1,1,56.25,56.25
1515,1,1,1,55.5,55.5
1516,1,0,0,6.0,6.0
1517,1,1,1,56.0,56.0
1518,1,1,1,57.5,57.5
1519,1,1,1,57.0,57.0
1520,1,1,1,59.75,59.75
1521,1,1,1,57.5,57.5
1522,1,0,0,7.25,7.25
1523,1,1,1,19.75,19.5
1524,1,1,1,23.25,22.5
1525,1,1,1,55.5,55.5
1526,1,0,0,6.0,6.0
1527,1,1,1,57.25,57.25
1528,1,1,1,57.5,57.5
1529,1,1,1,57.0,57.0
1530,1,1,1,58.75,58.75
1531,1,1,1,56.5,56.5
1532,1,1,1,56.25,56.25
1533,1,1,1,59.0,59.0
1534,1,1,1,55.5,55.5
1535,1,1,1,56.75,56.75
1536,1,1,1,56.25,56.25
1537,1,0,0,6.5,6.5
1538,1,1,1,58.0,58.0
1539,1,1,1,56.75,56.75
1540,1,1,1,57.25,57.25
1541,1,1,1,54.75,54.75
1542,1,1,1,57.75,57.75
1543,2,2,2,67.5,66.5
1544,1,1,1,56.0,56.0
1545,1,1,1,57.0,57.0
1546,1,1,1,57.0,57.0
1547,1,1,1,56.75,56.75
1548,1,1,1,54.25,54.25
1549,2,2,2,69.0,68.5
1550,1,1,1,57.0,57.0
1551,1,1,1,58.0,58.0
1552,1,0,0,0.75,0.75
1553,3,2,3,10.25,42.25
1554,2,1,1,19.25,20.5
1555,2,1,1,1.25,1.25
1556,1,1,1,56.5,56.5
1557,1,1,1,58.0,58.0
1558,2,1,1,18.75,19.25
1559,1,1,1,55.25,55.25
1560,1,1,1,22.5,21.0
1561,2,1,2,20.25,69.75
1562,1,0,0,1.0,1.0
1563,1,1,1,56.25,56.25
1564,1,1,1,56.5,56.5
1565,1,1,1,54.75,54.75
1566,2,1,2,21.25,68.75
1567,1,0,0,5.5,5.5
1568,1,1,1,56.0,56.0
1569,1,1,1,54.5,54.5
1570,1,1,1,57.5,57.5
1571,1,1,1,57.75,57.75
1572,1,1,1,58.75,58.75
1573,1,1,1,23.0,21.5
1574,2,2,2,36.25,36.25
1575,1,0,0,7.5,7.5
1576,1,1,1,56.5,56.5
1577,1,1,1,56.0,56.0
1578,1,0,0,6.25,6.25
1579,1,1,1,56.0,56.0
1580,1,0,0,8.5,8.5
1581,1,1,1,56.75,56.75
1582,1,1,1,57.0,57.0
1583,1,1,1,56.0,56.0
1584,1,1,1,55.5,55.5
1585,1,1,1,57.25,57.25
1586,1,1,1,21.25,22.0
1587,1,1,1,54.5,54.5
1588,1,0,0,6.75,6.75
1589,1,1,1,19.5,19.25
1590,1,1,1,18.0,18.25
1591,1,1,1,55.25,55.25
1592,1,1,1,57.25,57.25
1593,1,1,1,55.5,55.5
1594,1,1,1,56.75,56.75
1595,2,1,1,19.25,18.5
1596,2,2,2,70.5,70.75
1597,1,1,1,56.75,56.75
1598,1,1,1,56.75,56.75
1599,1,1,1,57.25,57.25
1600,1,1,1,55.75,55.75
1601,1,1,1,58.0,58.0
1602,1,1,1,55.75,55.75
1603,1,1,1,56.75,56.75
1604,1,1,1,57.25,57.25
1605,1,1,1,55.0,55.0
1606,1,1,1,55.25,55.25
1607,1,1,1,55.0,55.0
1608,1,1,1,57.5,57.5
1609,1,1,1,57.5,57.5
1610,1,1,1,56.5,56.5
1611,1,0,0,7.25,7.25
1612,1,1,1,57.25,57.25
1613,1,1,1,57.0,57.0
1614,1,0,0,8.0,8.0
1615,1,0,0,7.5,7.5
1616,1,1,1,22.0,20.75
1617,1,0,0,0.0,0.0
1618,1,1,1,58.5,58.5
1619,1,0,0,5.75,5.75
1620,1,1,1,54.5,54.5
1621,1,1,1,55.0,55.0
1622,1,1,1,57.5,57.5
1623,1,1,1,57.25,57.25
1624,1,1,1,55.25,55.25
1625,1,1,1,58.0,58.0
1626,1,1,1,56.0,56.0
1627,1,1,1,56.0,56.0
1628,1,1,1,54.75,54.75
1629,1,1,1,56.0,56.0
1630,1,0,0,0.75,0.75
1631,1,1,1,57.5,57.5
1632,1,1,1,55.75,55.75
1633,1,1,1,55.75,55.75
1634,1,1,1,57.5,57.5
1635,1,1,1,56.25,56.25
1636,1,1,1,59.0,59.0
1637,2,1,1,17.75,17.0
1638,1,0,0,6.75,6.75
1639,1,1,1,55.75,55.75
1640,1,1,1,56.5,56.5
1641,3,1,2,7.0,40.5
1642,1,0,0,8.0,8.0
1643,1,1,1,56.0,56.0
1644,1,1,1,57.75,57.75
1645,1,0,0,6.25,6.25
1646,1,1,1,55.25,55.25
1647,1,1,1,55.75,55.75
1648,1,1,1,58.75,58.75
1649,1,1,1,55.75,55.75
1650,1,0,0,8.75,8.75
1651,1,0,0,0.75,0.75
1652,1,0,0,5.25,5.25
1653,1,1,1,58.5,58.5
1654,1,1,1,20.75,20.25
1655,1,1,1,58.0,58.0
1656,1,1,1,57.75,57.75
1657,1,1,1,58.5,58.5
1658,1,1,1,55.25,55.25
1659,2,2,2,38.25,39.0
1660,1,1,1,56.5,56.5
1661,1,0,0,1.25,1.25
1662,1,1,1,56.25,56.25
1663,1,1,1,54.0,54.0
1664,1,1,1,56.5,56.5
1665,1,0,0,7.75,7.75
1666,1,1,1,56.5,56.5
1667,1,1,1,57.0,57.0
1668,1,0,0,8.5,8.5
1669,1,1,1,58.25,58.25
1670,1,1,1,58.0,58.0
1671,1,1,1,56.0,56.0
1672,1,0,0,9.25,9.25
1673,2,1,1,7.25,6.5
1674,1,1,1,55.5,55.5
1675,1,1,1,58.0,58.0
1676,3,2,2,21.5,22.5
1677,3,2,2,16.5,18.25
1678,1,1,1,54.75,54.75
1679,1,0,0,5.75,5.75
1680,1,1,1,56.5,56.5
1681,1,1,1,55.25,55.25
1682,1,1,1,57.5,57.5
1683,1,0,0,6.25,6.25
1684,1,1,1,55.25,55.25
1685,1,1,1,56.75,56.75
1686,1,1,1,18.5,18.25
1687,1,1,1,19.25,19.5
1688,1,1,1,21.5,22.75
1689,1,1,1,57.0,57.0
1690,1,1,1,23.25,23.0
1691,1,1,1,57.0,57.0
1692,1,1,1,19.75,19.25
1693,1,1,1,55.5,55.5
1694,1,1,1,57.75,57.75
1695,1,1,1,56.75,56.75
1696,1,0,0,1.5,1.5
1697,1,1,1,56.25,56.25
1698,1,0,0,4.75,4.75
1699,1,1,1,55.0,55.0
1700,1,1,1,55.25,55.25
1701,1,1,1,56.75,56.75
1702,1,1,1,57.5,57.5
1703,1,1,1,56.25,56.25
1704,1,1,1,58.0,58.0
1705,1,1,1,57.25,57.25
1706,2,1,1,18.75,19.0
1707,1,1,1,55.5,55.5
1708,1,1,1,55.0,55.0
1709,1,0,0,5.25,5.25
1710,1,1,1,55.25,55.25
1711,1,1,1,55.5,55.5
1712,1,0,0,1.5,1.5
1713,1,1,1,19.25,20.75
1714,1,1,1,54.5,54.5
1715,3,2,2,21.0,20.0
1716,1,1,1,56.0,56.0
1717,1,1,1,54.75,54.75
1718,1,1,1,56.75,56.75
1719,1,1,1,56.0,56.0
1720,2,1,1,19.25,19.5
1721,2,1,1,2.75,2.5
1722,1,1,1,58.25,58.25
1723,1,1,1,19.75,20.0
1724,1,1,1,56.25,56.25
1725,1,1,1,56.0,56.0
1726,1,1,1,59.75,59.75
1727,1,1,1,57.0,57.0
1728,1,1,1,57.0,57.0
1729,1,1,1,57.5,57.5
1730,1,1,1,60.0,60.0
1731,1,1,1,57.0,57.0
1732,1,1,1,21.25,20.5
1733,1,0,0,1.25,1.25
1734,1,0,0,6.5,6.5
1735,1,0,0,7.5,7.5
1736,1,1,1,24.25,23.5
1737,2,1,2,2.0,20.5
1738,1,0,0,0.75,0.75
1739,1,1,1,55.25,55.25
1740,2,1,2,2.0,18.25
1741,1,1,1,57.0,57.0
1742,1,1,1,58.25,58.25
1743,2,2,2,70.25,69.0
1744,1,1,1,57.5,57.5
1745,1,1,1,57.75,57.75
1746,2,2,2,35.75,34.25
1747,1,0,0,4.0,4.0
1748,1,1,1,56.0,56.0
1749,1,1,1,55.75,55.75
1750,1,1,1,58.25,58.25
1751,1,0,0,1.75,1.75
1752,1,1,1,56.25,56.25
1753,1,0,0,8.5,8.5
1754,1,1,1,56.75,56.75
1755,1,1,1,57.5,57.5
1756,1,0,0,0.0,0.0
1757,2,1,2,1.25,17.25
1758,1,1,1,54.75,54.75
1759,2,1,1,6.5,7.25
1760,1,1,1,57.5,57.5
1761,2,1,1,1.0,1.75
1762,1,1,1,20.0,20.5
1763,1,1,1,57.0,57.0
1764,1,1,1,55.5,55.5
1765,1,1,1,58.0,58.0
1766,1,0,0,1.25,1.25
1767,1,1,1,56.0,56.0
1768,3,3,3,86.5,86.0
1769,1,1,1,55.0,55.0
1770,2,1,1,20.25,21.75
1771,4,2,3,6.5,30.5
1772,1,1,1,55.75,55.75
1773,1,1,1,54.75,54.75
1774,1,1,1,58.75,58.75
1775,1,1,1,57.25,57.25
1776,1,0,0,7.75,7.75
1777,1,1,1,56.5,56.5
1778,1,1,1,56.5,56.5
1779,1,1,1,57.25,57.25
1780,1,1,1,56.0,56.0
1781,1,1,1,55.75,55.75
1782,1,0,0,5.5,5.5
1783,1,1,1,57.25,57.25
1784,1,1,1,55.5,55.5
1785,1,0,0,5.25,5.25
1786,1,1,1,58.25,58.25
1787,1,1,1,58.25,58.25
1788,1,1,1,18.5,19.5
1789,1,1,1,56.25,56.25
1790,1,0,0,6.75,6.75
1791,1,0,0,1.75,1.75
1792,1,1,1,56.5,56.5
1793,1,1,1,56.75,56.75
1794,1,1,1,57.0,57.0
1795,1,1,1,56.0,56.0
1796,1,1,1,58.0,58.0
1797,1,1,1,56.5,56.5
1798,1,0,0,1.0,1.0
1799,1,1,1,55.0,55.0
1800,1,1,1,18.75,20.5
1801,1,1,1,55.5,55.5
1802,1,1,1,56.25,56.25
1803,1,1,1,57.25,57.25
1804,1,0,0,5.75,5.75
1805,1,0,0,6.25,6.25
1806,1,0,0,5.25,5.25
1807,1,1,1,19.0,18.75
1808,1,1,1,17.75,17.5
1809,1,1,1,56.75,56.75
1810,1,1,1,58.5,58.5
1811,1,1,1,58.0,58.0
1812,1,0,0,6.0,6.0
1813,1,1,1,57.75,57.75
1814,1,1,1,54.0,54.0
1815,1,1,1,55.0,55.0
1816,1,1,1,55.5,55.5
1817,1,1,1,22.5,22.5
1818,1,1,1,56.0,56.0
1819,1,1,1,55.75,55.75
1820,1,1,1,57.25,57.25
1821,1,1,1,56.25,56.25
1822,1,1,1,55.75,55.75
1823,1,0,0,6.5,6.5
1824,1,1,1,55.75,55.75
1825,1,1,1,56.75,56.75
1826,1,1,1,56.75,56.75
1827,1,1,1,54.5,54.5
1828,1,1,1,57.0,57.0
1829,1,0,0,6.5,6.5
1830,1,0,0,6.75,6.75
1831,1,0,0,5.25,5.25
1832,1,1,1,55.0,55.0
1833,1,1,1,57.0,57.0
1834,1,1,1,57.5,57.5
1835,1,1,1,55.75,55.75
1836,1,1,1,56.25,56.25
1837,1,0,0,5.5,5.5
1838,1,1,1,56.0,56.0
1839,1,0,0,6.25,6.25
1840,1,1,1,58.0,58.0
1841,1,1,1,54.75,54.75
1842,1,1,1,57.75,57.75
1843,1,0,0,5.5,5.5
1844,1,1,1,55.5,55.5
1845,1,1,1,55.25,55.25
1846,1,1,1,57.0,57.0
1847,1,1,1,59.75,59.75
1848,1,1,1,58.25,58.25
1849,1,1,1,57.75,57.75
1850,1,1,1,56.0,56.0
1851,1,1,1,58.5,58.5
1852,1,1,1,55.5,55.5
1853,1,1,1,56.5,56.5
1854,1,1,1,56.25,56.25
1855,1,0,0,5.75,5.75
1856,1,0,0,5.5,5.5
1857,1,1,1,53.0,53.0
1858,1,1,1,56.5,56.5
1859,1,1,1,58.75,58.75
1860,1,1,1,57.5,57.5
1861,1,1,1,55.0,55.0
1862,1,1,1,57.5,57.5
1863,1,0,0,6.5,6.5
1864,1,1,1,54.75,54.75
1865,1,1,1,56.0,56.0
1866,1,1,1,56.75,56.75
1867,1,1,1,55.0,55.0
1868,1,1,1,57.25,57.25
1869,1,1,1,56.5,56.5
1870,1,1,1,58.75,58.75
1871,1,1,1,55.5,55.5
1872,1,1,1,56.0,56.0
1873,1,1,1,55.0,55.0
1874,1,0,0,7.5,7.5
1875,1,0,0,6.25,6.25
1876,1,1,1,56.5,56.5
1877,1,1,1,57.0,57.0
1878,1,1,1,56.75,56.75
1879,1,0,0,6.0,6.0
1880,1,1,1,55.75,55.75
1881,1,0,0,4.25,4.25
1882,4,3,3,61.5,60.75
1883,1,1,1,55.5,55.5
1884,1,1,1,55.5,55.5
1885,1,1,1,55.75,55.75
1886,1,1,1,57.0,57.0
1887,1,1,1,56.25,56.25
1888,1,1,1,56.0,56.0
1889,1,1,1,57.75,57.75
1890,1,0,0,7.75,7.75
1891,1,1,1,56.0,56.0
1892,1,1,1,55.25,55.25
1893,1,0,0,8.25,8.25
1894,1,0,0,5.75,5.75
1895,1,0,0,8.0,8.0
1896,1,1,1,59.0,59.0
1897,1,0,0,1.75,1.75
1898,1,0,0,6.75,6.75
1899,1,0,0,6.0,6.0
1900,2,2,2,36.0,39.25
1901,1,1,1,56.25,56.25
1902,1,1,1,57.0,57.0
1903,1,1,1,55.5,55.5
1904,1,1,1,55.5,55.5
1905,1,0,0,6.25,6.25
1906,1,0,0,7.0,7.0
1907,1,1,1,56.5,56.5
1908,1,1,1,55.5,55.5
1909,1,1,1,55.75,55.75
1910,2,1,2,19.75,71.0
1911,1,0,0,9.0,9.0
1912,1,1,1,57.0,57.0
1913,1,0,0,8.25,8.25
1914,1,1,1,55.75,55.75
1915,1,1,1,56.25,56.25
1916,1,0,0,5.25,5.25
1917,1,1,1,54.0,54.0
1918,1,1,1,58.25,58.25
1919,1,1,1,56.75,56.75
1920,1,1,1,55.0,55.0
1921,1,1,1,58.0,58.0
1922,1,1,1,57.25,57.25
1923,1,1,1,56.25,56.25
1924,1,1,1,54.5,54.5
1925,1,1,1,58.25,58.25
1926,1,0,0,7.0,7.0
1927,1,0,0,7.25,7.25
1928,1,0,0,7.25,7.25
1929,1,0,0,7.0,7.0
1930,1,1,1,56.0,56.0
1931,1,0,0,8.0,8.0
1932,1,0,0,5.25,5.25
1933,1,0,0,8.0,8.0
1934,1,1,1,59.25,59.25
1935,1,1,1,55.25,55.25
1936,1,1,1,56.75,56.75
1937,1,1,1,58.5,58.5
1938,1,1,1,57.75,57.75
1939,1,1,1,57.5,57.5
1940,1,1,1,56.5,56.5
1941,1,1,1,56.0,56.0
1942,1,1,1,56.5,56.5
1943,1,1,1,57.25,57.25
1944,1,1,1,56.5,56.5
1945,1,1,1,58.5,58.5
1946,1,0,0,6.25,6.25
1947,1,1,1,56.25,56.25
1948,1,0,0,6.5,6.5
1949,1,1,1,55.5,55.5
1950,1,1,1,58.25,58.25
1951,1,0,0,7.75,7.75
1952,1,1,1,18.25,19.5
1953,1,1,1,54.75,54.75
1954,6,5,5,88.0,88.0
1955,1,1,1,56.25,56.25
1956,1,0,0,8.25,8.25
1957,1,1,1,57.5,57.5
1958,1,1,1,56.5,56.5
1959,1,0,0,6.0,6.0
1960,1,1,1,57.25,57.25
1961,1,1,1,56.75,56.75
1962,1,1,1,55.0,55.0
1963,1,1,1,56.5,56.5
1964,1,1,1,55.5,55.5
1965,1,0,0,7.0,7.0
1966,1,1,1,56.5,56.5
1967,1,1,1,56.25,56.25
1968,1,1,1,56.25,56.25
1969,1,1,1,54.5,54.5
1970,1,1,1,57.5,57.5
1971,1,1,1,57.5,57.5
1972,1,1,1,57.75,57.75
1973,1,0,0,6.75,6.75
1974,1,1,1,56.75,56.75
1975,1,0,0,5.25,5.25
1976,1,1,1,56.75,56.75
1977,1,1,1,56.25,56.25
1978,1,1,1,56.5,56.5
1979,1,1,1,56.0,56.0
1980,1,1,1,57.0,57.0
1981,1,1,1,55.0,55.0
1982,1,1,1,56.75,56.75
1983,1,1,1,56.5,56.5
1984,1,1,1,55.5,55.5
1985,1,1,1,54.75,54.75
1986,1,1,1,56.0,56.0
1987,1,1,1,57.25,57.25
1988,1,1,1,57.75,57.75
1989,1,1,1,57.25,57.25
1990,1,1,1,55.5,55.5
1991,1,0,0,6.0,6.0
1992,1,1,1,56.0,56.0
1993,1,1,1,56.0,56.0
1994,1,0,0,7.25,7.25
1995,1,0,0,5.5,5.5
1996,1,1,1,54.75,54.75
1997,1,1,1,56.25,56.25
1998,1,1,1,55.75,55.75
1999,1,1,1,57.5,57.5
2000,1,1,1,55.25,55.25
2001,1,1,1,55.5,55.5
2002,1,0,0,9.25,9.25
2003,1,1,1,57.25,57.25
2004,1,1,1,57.5,57.5
2005,1,1,1,56.0,56.0
2006,1,1,1,55.75,55.75
2007,1,1,1,56.25,56.25
2008,1,1,1,57.0,57.0
2009,1,1,1,54.25,54.25
2010,1,1,1,57.75,57.75
2011,1,1,1,55.75,55.75
2012,1,0,0,7.0,7.0
2013,1,1,1,57.0,57.0
2014,1,0,0,7.0,7.0
2015,1,1,1,55.5,55.5
2016,1,1,1,57.5,57.5
2017,2,1,2,0.5,12.75
2018,1,1,1,56.25,56.25
2019,1,1,1,54.75,54.75
2020,1,1,1,58.75,58.75
2021,1,1,1,58.0,58.0
2022,1,1,1,57.0,57.0
2023,1,1,1,59.0,59.0
2024,1,1,1,57.0,57.0
2025,1,0,0,5.75,5.75
2026,1,0,0,8.75,8.75
2027,1,1,1,54.75,54.75
2028,1,1,1,58.25,58.25
2029,1,1,1,55.0,55.0
2030,1,1,1,55.75,55.75
2031,1,0,0,7.75,7.75
2032,1,1,1,55.25,55.25
2033,1,1,1,58.0,58.0
2034,1,1,1,56.25,56.25
2035,1,1,1,55.0,55.0
2036,1,0,0,5.0,5.0
2037,1,1,1,55.5,55.5
2038,1,0,0,6.75,6.75
2039,1,1,1,57.5,57.5
2040,1,0,0,4.75,4.75
2041,1,1,1,55.75,55.75
2042,1,1,1,56.25,56.25
2043,1,1,1,54.25,54.25
2044,2,1,1,19.25,19.25
2045,2,1,1,0.0,0.0
2046,1,0,0,6.75,6.75
2047,1,1,1,56.5,56.5
2048,1,1,1,57.0,57.0
2049,1,1,1,56.25,56.25
2050,1,1,1,55.5,55.5
2051,1,0,0,7.0,7.0
2052,1,1,1,20.0,19.5
2053,1,0,0,0.75,0.75
2054,1,0,0,5.25,5.25
2055,1,1,1,54.75,54.75
2056,1,1,1,56.75,56.75
2057,1,1,1,56.0,56.0
2058,1,1,1,57.25,57.25
2059,1,1,1,55.5,55.5
2060,1,1,1,57.5,57.5
2061,1,1,1,59.25,59.25
2062,1,1,1,56.0,56.0
2063,1,1,1,58.75,58.75
2064,1,1,1,55.25,55.25
2065,1,1,1,55.5,55.5
2066,1,1,1,55.75,55.75
2067,1,1,1,57.25,57.25
2068,1,1,1,58.75,58.75
2069,1,1,1,54.75,54.75
2070,1,1,1,55.75,55.75
2071,1,1,1,56.75,56.75
2072,1,0,0,8.25,8.25
2073,1,0,0,6.75,6.75
2074,1,0,0,6.5,6.5
2075,1,1,1,56.25,56.25
2076,1,1,1,56.25,56.25
2077,1,1,1,58.75,58.75
2078,1,0,0,5.75,5.75
2079,2,1,2,18.75,68.0
2080,1,1,1,58.5,58.5
2081,2,1,1,17.0,16.75
2082,1,1,1,57.0,57.0
2083,1,1,1,55.25,55.25
2084,1,0,0,7.5,7.5
2085,1,0,0,5.5,5.5
2086,1,0,0,5.75,5.75
2087,1,1,1,57.5,57.5
2088,1,0,0,6.5,6.5
2089,1,1,1,57.5,57.5
2090,1,0,0,5.75,5.75
2091,1,1,1,57.25,57.25
2092,1,1,1,55.0,55.0
2093,1,1,1,57.75,57.75
2094,1,1,1,56.75,56.75
2095,1,1,1,55.75,55.75
2096,1,1,1,55.5,55.5
2097,1,1,1,54.5,54.5
2098,1,1,1,56.0,56.0
2099,1,1,1,59.5,59.5
2100,1,1,1,56.25,56.25
2101,1,1,1,56.25,56.25
2102,1,1,1,55.75,55.75
2103,1,1,1,57.75,57.75
2104,1,1,1,57.25,57.25
2105,1,1,1,55.25,55.25
2106,1,1,1,57.75,57.75
2107,1,1,1,56.0,56.0
2108,1,1,1,58.75,58.75
2109,1,1,1,55.5,55.5
2110,1,1,1,57.0,57.0
2111,1,1,1,55.5,55.5
2112,1,1,1,57.25,57.25
2113,1,1,1,57.0,57.0
2114,1,1,1,55.75,55.75
2115,1,1,1,55.75,55.75
2116,1,1,1,57.25,57.25
2117,1,1,1,57.5,57.5
2118,1,1,1,55.5,55.5
2119,1,1,1,56.75,56.75
2120,1,1,1,57.25,57.25
2121,1,1,1,55.25,55.25
2122,1,1,1,55.75,55.75
2123,1,1,1,56.25,56.25
2124,1,1,1,57.0,57.0
2125,1,1,1,57.25,57.25
2126,1,1,1,58.25,58.25
2127,1,0,0,6.5,6.5
2128,1,0,0,7.25,7.25
2129,1,0,0,6.75,6.75
2130,1,0,0,6.5,6.5
2131,1,0,0,9.5,9.5
2132,1,0,0,7.5,7.5
2133,1,0,0,6.75,6.75
2134,1,0,0,7.0,7.0
2135,1,0,0,5.0,5.0
2136,1,0,0,6.75,6.75
2137,1,0,0,4.75,4.75
2138,1,0,0,6.5,6.5
2139,1,0,0,7.5,7.5
2140,1,0,0,5.0,5.0
2141,1,0,0,8.25,8.25
2142,1,0,0,7.25,7.25
2143,1,0,0,5.75,5.75
2144,1,1,1,57.5,57.5
2145,1,1,1,55.5,55.5
2146,1,1,1,54.5,54.5
2147,1,1,1,58.25,58.25
2148,1,1,1,55.0,55.0
2149,1,1,1,56.75,56.75
2150,1,1,1,56.5,56.5
2151,1,1,1,55.25,55.25
2152,1,1,1,57.0,57.0
2153,1,1,1,58.0,58.0
